Date,Holiday,State,Status
26-01-2026,Republic Day,Andaman And Nicobar Islands,Closed
15-02-2026,Maha Shivratri,Andaman And Nicobar Islands,Closed
04-03-2026,Holi,Andaman And Nicobar Islands,Closed
21-03-2026,Eid al-Fitr,Andaman And Nicobar Islands,Closed
27-03-2026,Ram Navami,Andaman And Nicobar Islands,Closed
01-04-2026,Annual Closing of Bank Accounts,Andaman And Nicobar Islands,Closed
03-04-2026,Good Friday,Andaman And Nicobar Islands,Closed
01-05-2026,Buddha Purnima,Andaman And Nicobar Islands,Closed
27-05-2026,Eid al-Zuha,Andaman And Nicobar Islands,Closed
26-06-2026,Muharram,Andaman And Nicobar Islands,Closed
15-08-2026,Independence Day,Andaman And Nicobar Islands,Closed
25-08-2026,Eid-e-Milad,Andaman And Nicobar Islands,Closed
02-10-2026,Mahatma Gandhi Jayanti,Andaman And Nicobar Islands,Closed
20-10-2026,Dussehra,Andaman And Nicobar Islands,Closed
08-11-2026,Deepavali / Diwali,Andaman And Nicobar Islands,Closed
24-11-2026,Guru Nanak Jayanti,Andaman And Nicobar Islands,Closed
25-12-2026,Christmas,Andaman And Nicobar Islands,Closed
14-01-2026,Makar Sankranti,Andhra Pradesh,Closed
26-01-2026,Republic Day,Andhra Pradesh,Closed
15-02-2026,Maha Shivratri,Andhra Pradesh,Closed
04-03-2026,Holi,Andhra Pradesh,Closed
21-03-2026,Id-ul-Fitr,Andhra Pradesh,Closed
03-04-2026,Good Friday,Andhra Pradesh,Closed
05-04-2026,Babu Jagjivan Ram's Birthday,Andhra Pradesh,Closed
14-04-2026,Dr B R Ambedkar Jayanti,Andhra Pradesh,Closed
01-05-2026,May Day / Labour day,Andhra Pradesh,Closed
27-05-2026,Id-ul-Adha,Andhra Pradesh,Closed
15-08-2026,Independence Day,Andhra Pradesh,Closed
25-08-2026,Eid-e-Milad,Andhra Pradesh,Closed
04-09-2026,Janmashtami,Andhra Pradesh,Closed
14-09-2026,Vinayaka Chavithi,Andhra Pradesh,Closed
02-10-2026,Mahatma Gandhi Jayanti,Andhra Pradesh,Closed
19-10-2026,Durgastami,Andhra Pradesh,Closed
20-10-2026,Vijaya Dasami,Andhra Pradesh,Closed
08-11-2026,Deepavali / Diwali,Andhra Pradesh,Closed
25-12-2026,Christmas,Andhra Pradesh,Closed
14-01-2026,Makar Sankranti,Arunachal Pradesh,Closed
26-01-2026,Republic Day,Arunachal Pradesh,Closed
20-02-2026,Statehood Day,Arunachal Pradesh,Closed
04-03-2026,Holi,Arunachal Pradesh,Closed
21-03-2026,Eid al-Fitr,Arunachal Pradesh,Closed
01-04-2026,Annual Closing of Bank Accounts,Arunachal Pradesh,Closed
03-04-2026,Good Friday,Arunachal Pradesh,Closed
15-04-2026,Bohag Bihu,Arunachal Pradesh,Closed
01-05-2026,Buddha Pournima,Arunachal Pradesh,Closed
15-08-2026,Independence Day,Arunachal Pradesh,Closed
02-10-2026,Mahatma Gandhi Jayanti,Arunachal Pradesh,Closed
19-10-2026,Mahanavami,Arunachal Pradesh,Closed
20-10-2026,Dussehra,Arunachal Pradesh,Closed
08-11-2026,Deepawali,Arunachal Pradesh,Closed
24-11-2026,Guru Nanak Jayanti,Arunachal Pradesh,Closed
01-12-2026,Indigenous Faith Day,Arunachal Pradesh,Closed
25-12-2026,Christmas,Arunachal Pradesh,Closed
15-01-2026,Magh Bihu,Assam,Closed
26-01-2026,Republic Day,Assam,Closed
03-03-2026,Dol Jatra,Assam,Closed
21-03-2026,Eid al-Fitr,Assam,Closed
03-04-2026,Good Friday,Assam,Closed
14-04-2026,Bohag Bihu,Assam,Closed
15-04-2026,Bohag Bihu Holiday,Assam,Closed
01-05-2026,May Day / Labour day,Assam,Closed
27-05-2026,Eid al-Zuha,Assam,Closed
15-08-2026,Independence Day,Assam,Closed
02-10-2026,Mahatma Gandhi Jayanti,Assam,Closed
18-10-2026,Durga Puja (Maha Saptami),Assam,Closed
18-10-2026,Kati Bihu,Assam,Closed
19-10-2026,Durga Puja (Maha Ashtami),Assam,Closed
20-10-2026,Durga Puja (Maha Navami),Assam,Closed
21-10-2026,Janmotsav Sri Sri Sankardeva,Assam,Closed
21-10-2026,Vijaya Dashami,Assam,Closed
08-11-2026,Kali Puja,Assam,Closed
24-11-2026,Guru Nanak Jayanti,Assam,Closed
25-12-2026,Christmas,Assam,Closed
26-01-2026,Republic Day,Bihar,Closed
03-03-2026,Holi,Bihar,Closed
04-03-2026,Holi 2nd Day,Bihar,Closed
21-03-2026,Eid al-Fitr,Bihar,Closed
22-03-2026,Bihar Divas,Bihar,Closed
27-03-2026,Shri Ram Navami,Bihar,Closed
01-04-2026,Yearly Closing of Bank Accounts,Bihar,Closed
03-04-2026,Good Friday,Bihar,Closed
14-04-2026,Dr B R Ambedkar Jayanti,Bihar,Closed
01-05-2026,May Day / Labour day,Bihar,Closed
27-05-2026,Eid al-Zuha,Bihar,Closed
26-06-2026,Muharram,Bihar,Closed
15-08-2026,Independence Day,Bihar,Closed
04-09-2026,Shri Krishna Janmashtami,Bihar,Closed
02-10-2026,Mahatma Gandhi Jayanti,Bihar,Closed
20-10-2026,Maha Navami,Bihar,Closed
21-10-2026,Vijaya Dashami,Bihar,Closed
08-11-2026,Deepawali,Bihar,Closed
15-11-2026,Chhat Puja,Bihar,Closed
16-11-2026,Chhat Puja,Bihar,Closed
25-12-2026,Christmas,Bihar,Closed
06-01-2026,Guru Gobind Singh Birthday,Chandigarh,Closed
26-01-2026,Republic Day,Chandigarh,Closed
01-02-2026,Guru Ravidas Jayanti,Chandigarh,Closed
15-02-2026,Maha Shivaratri,Chandigarh,Closed
04-03-2026,Holi,Chandigarh,Closed
21-03-2026,Id-ul-Fitr,Chandigarh,Closed
31-03-2026,Mahavir Jayanti,Chandigarh,Closed
03-04-2026,Good Friday,Chandigarh,Closed
01-05-2026,Buddha Purnima,Chandigarh,Closed
27-05-2026,Eid al-Zuha,Chandigarh,Closed
15-08-2026,Independence Day,Chandigarh,Closed
04-09-2026,Shri Krishna Janmashtami,Chandigarh,Closed
02-10-2026,Mahatma Gandhi Jayanti,Chandigarh,Closed
21-10-2026,Durga Puja,Chandigarh,Closed
26-10-2026,Maharishi Valmiki Birthday,Chandigarh,Closed
08-11-2026,Deepawali,Chandigarh,Closed
24-11-2026,Guru Nanak Jayanti,Chandigarh,Closed
25-12-2026,Christmas,Chandigarh,Closed
26-01-2026,Republic Day,Chhattisgarh,Closed
15-02-2026,Maha Shivratri,Chhattisgarh,Closed
03-03-2026,Holi 2nd Day,Chhattisgarh,Closed
21-03-2026,Id-ul-Fitr,Chhattisgarh,Closed
31-03-2026,Mahavir Jayanti,Chhattisgarh,Closed
01-04-2026,Annual Closing of Bank Accounts,Chhattisgarh,Closed
03-04-2026,Good Friday,Chhattisgarh,Closed
01-05-2026,Buddha Purnima,Chhattisgarh,Closed
27-05-2026,Bakrid,Chhattisgarh,Closed
26-06-2026,Muharram,Chhattisgarh,Closed
15-08-2026,Independence Day,Chhattisgarh,Closed
25-08-2026,Id-E- Milad,Chhattisgarh,Closed
04-09-2026,Janmashtami,Chhattisgarh,Closed
02-10-2026,Mahatma Gandhi Jayanti,Chhattisgarh,Closed
20-10-2026,Dusshera,Chhattisgarh,Closed
08-11-2026,Deepavali / Diwali,Chhattisgarh,Closed
24-11-2026,Guru Nanak's Birthday,Chhattisgarh,Closed
25-12-2026,Christmas,Chhattisgarh,Closed
26-01-2026,Republic Day,Dadra And Nagar Haveli And Daman And Diu,Closed
15-02-2026,Maha Shivaratri,Dadra And Nagar Haveli And Daman And Diu,Closed
04-03-2026,Holi,Dadra And Nagar Haveli And Daman And Diu,Closed
21-03-2026,Eid al-Fitr,Dadra And Nagar Haveli And Daman And Diu,Closed
31-03-2026,Mahavir Jayanti,Dadra And Nagar Haveli And Daman And Diu,Closed
03-04-2026,Good Friday,Dadra And Nagar Haveli And Daman And Diu,Closed
15-08-2026,Independence Day,Dadra And Nagar Haveli And Daman And Diu,Closed
25-08-2026,Eid-e-Milad,Dadra And Nagar Haveli And Daman And Diu,Closed
04-09-2026,Shri Krishna Janmashtami,Dadra And Nagar Haveli And Daman And Diu,Closed
14-09-2026,Ganesh Chaturthi,Dadra And Nagar Haveli And Daman And Diu,Closed
02-10-2026,Mahatma Gandhi Jayanti,Dadra And Nagar Haveli And Daman And Diu,Closed
20-10-2026,Dussehra,Dadra And Nagar Haveli And Daman And Diu,Closed
08-11-2026,Deepavali / Diwali,Dadra And Nagar Haveli And Daman And Diu,Closed
09-11-2026,Govardhan Puja,Dadra And Nagar Haveli And Daman And Diu,Closed
19-12-2026,Daman And Diu Liberation Day,Dadra And Nagar Haveli And Daman And Diu,Closed
25-12-2026,Christmas,Dadra And Nagar Haveli And Daman And Diu,Closed
26-01-2026,Republic Day,Delhi,Closed
04-03-2026,Holi,Delhi,Closed
21-03-2026,Eid al-Fitr,Delhi,Closed
31-03-2026,Mahavir Jayanti,Delhi,Closed
01-04-2026,Yearly Closing of Bank Accounts,Delhi,Closed
03-04-2026,Good Friday,Delhi,Closed
01-05-2026,Buddha Purnima,Delhi,Closed
27-05-2026,Eid-al-Zuha,Delhi,Closed
26-06-2026,Muharram,Delhi,Closed
15-08-2026,Independence Day,Delhi,Closed
25-08-2026,Eid-e-Milad,Delhi,Closed
02-10-2026,Mahatma Gandhi Jayanti,Delhi,Closed
20-10-2026,Dussehra,Delhi,Closed
08-11-2026,Deepavali / Diwali,Delhi,Closed
24-11-2026,Guru Nanak Jayanti,Delhi,Closed
25-12-2026,Christmas,Delhi,Closed
26-01-2026,Republic Day,Goa,Closed
04-03-2026,Holi,Goa,Closed
19-03-2026,Gudi Padava,Goa,Closed
21-03-2026,Eid al-Fitr,Goa,Closed
01-04-2026,Yearly Closing of Bank Account,Goa,Closed
03-04-2026,Good Friday,Goa,Closed
14-04-2026,Dr B R Ambedkar Jayanti,Goa,Closed
01-05-2026,May Day / Labour day,Goa,Closed
07-06-2026,Eid al-Zuha,Goa,Closed
15-08-2026,Independence Day,Goa,Closed
14-09-2026,Ganesh Chaturthi,Goa,Closed
14-09-2026,Ganesh Chaturthi,Goa,Closed
02-10-2026,Vijaya Dashami,Goa,Closed
02-10-2026,Mahatma Gandhi Jayanti,Goa,Closed
08-11-2026,Deepavali / Diwali,Goa,Closed
03-12-2026,Feast of St. Francis Xavier,Goa,Closed
19-12-2026,Goa Liberation Day,Goa,Closed
25-12-2026,Christmas,Goa,Closed
14-01-2026,Makar Sankranti,Gujarat,Closed
26-01-2026,Republic Day,Gujarat,Closed
15-02-2026,Maha Shivratri,Gujarat,Closed
03-03-2026,Holi 2nd Day,Gujarat,Closed
21-03-2026,Eid al-Fitr,Gujarat,Closed
14-04-2026,Dr B R Ambedkar Jayanti,Gujarat,Closed
27-05-2026,Eid-al-Adha,Gujarat,Closed
26-06-2026,Muharram,Gujarat,Closed
15-08-2026,Independence Day,Gujarat,Closed
16-08-2026,Parsi New Year,Gujarat,Closed
25-08-2026,Eid-e-Milad,Gujarat,Closed
04-09-2026,Janmashtami,Gujarat,Closed
15-09-2026,Samvatsari,Gujarat,Closed
02-10-2026,Mahatma Gandhi's Birthday,Gujarat,Closed
09-10-2026,Vikram Samvat New Year,Gujarat,Closed
20-10-2026,Dusshera,Gujarat,Closed
31-10-2026,Sardar Vallabbhai Patel Birthday,Gujarat,Closed
08-11-2026,Deepavali / Diwali,Gujarat,Closed
11-11-2026,Bhai Duj,Gujarat,Closed
25-12-2026,Christmas,Gujarat,Closed
26-01-2026,Republic Day,Haryana,Closed
01-02-2026,Guru Ravidas Jayanti,Haryana,Closed
15-02-2026,Maha Shivaratri,Haryana,Closed
04-03-2026,Holi,Haryana,Closed
21-03-2026,Eid al-Fitr,Haryana,Closed
31-03-2026,Mahavir Jayanti,Haryana,Closed
01-04-2026,Annual Closing of Bank Accounts,Haryana,Closed
14-04-2026,Dr B R Ambedkar Jayanti,Haryana,Closed
01-05-2026,Buddha Purnima,Haryana,Closed
15-08-2026,Independence Day,Haryana,Closed
04-09-2026,Shri Krishna Janmashtami,Haryana,Closed
02-10-2026,Mahatma Gandhi Jayanti,Haryana,Closed
21-10-2026,Vijaya Dashami,Haryana,Closed
26-10-2026,Maharishi Valmiki's Birthday,Haryana,Closed
08-11-2026,Deepawali,Haryana,Closed
24-11-2026,Guru Nanak Jayanti,Haryana,Closed
25-12-2026,Christmas,Haryana,Closed
26-01-2026,Republic Day,Himachal Pradesh,Closed
01-02-2026,Guru Ravidas's Birthday,Himachal Pradesh,Closed
15-02-2026,Maha Shivaratri,Himachal Pradesh,Closed
04-03-2026,Holi,Himachal Pradesh,Closed
21-03-2026,Eid al-Fitr,Himachal Pradesh,Closed
01-04-2026,Annual Closing of Bank Account,Himachal Pradesh,Closed
15-04-2026,Himachal Day,Himachal Pradesh,Closed
19-04-2026,Bhagvan Shree Parshuram Jayanti,Himachal Pradesh,Closed
01-05-2026,Buddha Purnima,Himachal Pradesh,Closed
27-05-2026,Eid al-Zuha,Himachal Pradesh,Closed
17-06-2026,Maharana Pratap Jayanti,Himachal Pradesh,Closed
26-06-2026,Muharram,Himachal Pradesh,Closed
15-08-2026,Independence Day,Himachal Pradesh,Closed
04-09-2026,Janmashtami,Himachal Pradesh,Closed
02-10-2026,Mahatma Gandhi Jayanti,Himachal Pradesh,Closed
20-10-2026,Dussehra,Himachal Pradesh,Closed
26-10-2026,Maharishi Valmiki Jayanti,Himachal Pradesh,Closed
08-11-2026,Deepavali / Diwali,Himachal Pradesh,Closed
24-11-2026,Guru Nanak Jayanti,Himachal Pradesh,Closed
25-12-2026,Christmas,Himachal Pradesh,Closed
26-01-2026,Republic Day,Jammu And Kashmir,Closed
15-02-2026,Maha Shivaratri,Jammu And Kashmir,Closed
03-03-2026,Holi (Jammu Province only),Jammu And Kashmir,Closed
17-03-2026,Shab-e-Qadr,Jammu And Kashmir,Closed
20-03-2026,Jamat-Ul-Vida,Jammu And Kashmir,Closed
20-03-2026,1st Navratra,Jammu And Kashmir,Closed
21-03-2026,Eid al-Fitr,Jammu And Kashmir,Closed
01-04-2026,Annual Closing of Bank Accounts,Jammu And Kashmir,Closed
14-04-2026,Dr. Ambedkar Jayanti,Jammu And Kashmir,Closed
14-04-2026,Vaisakhi,Jammu And Kashmir,Closed
01-05-2026,Buddha Purnima,Jammu And Kashmir,Closed
27-05-2026,Eid al-Zuha,Jammu And Kashmir,Closed
28-05-2026,Eid al-Zuha,Jammu And Kashmir,Closed
26-06-2026,Ashoora,Jammu And Kashmir,Closed
01-07-2026,Guru Hargobind Ji's Birthday,Jammu And Kashmir,Closed
13-07-2026,Martyr's Day,Jammu And Kashmir,Closed
15-08-2026,Independence Day,Jammu And Kashmir,Closed
25-08-2026,Eid-e-Milad,Jammu And Kashmir,Closed
28-08-2026,Friday Following Eid-e-Milad,Jammu And Kashmir,Closed
04-09-2026,Shri Krishna Janmashtami,Jammu And Kashmir,Closed
02-10-2026,Mahatma Gandhi Jayanti,Jammu And Kashmir,Closed
21-10-2026,Vijaya Dashami,Jammu And Kashmir,Closed
08-11-2026,Deepavali / Diwali,Jammu And Kashmir,Closed
05-12-2026,Birthday of Sheikh Mohammad Abdullah,Jammu And Kashmir,Closed
25-12-2026,Christmas,Jammu And Kashmir,Closed
26-01-2026,Republic Day,Jharkhand,Closed
15-02-2026,Maha Shivaratri,Jharkhand,Closed
03-03-2026,Holika Dahan,Jharkhand,Closed
04-03-2026,Holi,Jharkhand,Closed
21-03-2026,Eid al-Fitr,Jharkhand,Closed
21-03-2026,Sarhul,Jharkhand,Closed
27-03-2026,Shri Ram Navami,Jharkhand,Closed
31-03-2026,Mahavir Jayanti,Jharkhand,Closed
01-04-2026,Yearly Closing of Bank Accounts,Jharkhand,Closed
03-04-2026,Good Friday,Jharkhand,Closed
01-05-2026,Buddha Purnima,Jharkhand,Closed
27-05-2026,Eid al-Zuha,Jharkhand,Closed
26-06-2026,Muharram,Jharkhand,Closed
15-08-2026,Independence Day,Jharkhand,Closed
25-08-2026,Eid-e-Milad,Jharkhand,Closed
04-09-2026,Krishna Janmashtami,Jharkhand,Closed
22-09-2026,Karma Puja,Jharkhand,Closed
02-10-2026,Mahatma Gandhi Jayanti,Jharkhand,Closed
19-10-2026,Maha Ashtami,Jharkhand,Closed
20-10-2026,Maha Navami,Jharkhand,Closed
21-10-2026,Vijaya Dashami,Jharkhand,Closed
08-11-2026,Deepawali,Jharkhand,Closed
15-11-2026,Surya Shashthi,Jharkhand,Closed
24-11-2026,Guru Nanak Jayanti,Jharkhand,Closed
25-12-2026,Christmas,Jharkhand,Closed
14-01-2026,Uttarayana Punya Kaala Sankranthi Festival,Karnataka,Closed
26-01-2026,Republic Day,Karnataka,Closed
15-02-2026,Maha Shivratri,Karnataka,Closed
20-03-2026,Ugadi,Karnataka,Closed
21-03-2026,Khutba-e-Ramzan,Karnataka,Closed
31-03-2026,Mahaveera Jayanthi,Karnataka,Closed
03-04-2026,Good Friday,Karnataka,Closed
14-04-2026,Dr B R Ambedkar Jayanti,Karnataka,Closed
20-04-2026,Basava Jayanthi,Karnataka,Closed
01-05-2026,May Day / Labour day,Karnataka,Closed
27-05-2026,Id-ul-Adha,Karnataka,Closed
26-06-2026,Last Day of Moharamm,Karnataka,Closed
15-08-2026,Independence Day,Karnataka,Closed
25-08-2026,Id-E-Milad,Karnataka,Closed
15-09-2026,Varasiddhi Vinayaka Vrata,Karnataka,Closed
02-10-2026,Gandhi Jayanthi,Karnataka,Closed
10-10-2026,Mahalaya Amavasye,Karnataka,Closed
20-10-2026,Maha Navami,Karnataka,Closed
20-10-2026,Vijaya Dasami,Karnataka,Closed
26-10-2026,Maharshi Valmiki Jayanti,Karnataka,Closed
01-11-2026,Kannada Rajyothsava,Karnataka,Closed
08-11-2026,Deepavali / Diwali,Karnataka,Closed
08-11-2026,Naraka Chaturdashi,Karnataka,Closed
27-11-2026,Kanakadasa Jayanthi,Karnataka,Closed
25-12-2026,Christmas Day,Karnataka,Closed
26-01-2026,Republic Day,Kerala,Closed
15-02-2026,Maha Shivratri,Kerala,Closed
21-03-2026,Eid al-Fitr,Kerala,Closed
01-04-2026,Yearly Closing of Bank Accounts,Kerala,Closed
03-04-2026,Good Friday,Kerala,Closed
14-04-2026,Dr B R Ambedkar Jayanti,Kerala,Closed
14-04-2026,Vishu,Kerala,Closed
01-05-2026,May Day / Labour day,Kerala,Closed
27-05-2026,Eid al-Adha,Kerala,Closed
15-08-2026,Independence Day,Kerala,Closed
25-08-2026,Milad-I-Sherif,Kerala,Closed
25-08-2026,First Onam,Kerala,Closed
25-08-2026,Thiru Onam,Kerala,Closed
21-09-2026,Shree Narayana guru Samadhi Day,Kerala,Closed
26-09-2026,Shree Narayana Guru Jayanti,Kerala,Closed
02-10-2026,Gandhi Jayanthi,Kerala,Closed
20-10-2026,Mahanavami,Kerala,Closed
21-10-2026,Vijaya Dasami,Kerala,Closed
08-11-2026,Deepavali / Diwali,Kerala,Closed
25-12-2026,Christmas,Kerala,Closed
26-01-2026,Republic Day,Ladakh,Closed
16-02-2026,Mela Dosmochey (Leh & Zanskar),Ladakh,Closed
04-03-2026,Holi,Ladakh,Closed
21-03-2026,Nauroz,Ladakh,Closed
21-03-2026,Ramzan (Eid-ul-Fitr),Ladakh,Closed
01-04-2026,Annual Closing of Bank Accounts,Ladakh,Closed
14-04-2026,Dr. Ambedkar's Birthday,Ladakh,Closed
01-05-2026,Buddha Purnima,Ladakh,Closed
27-05-2026,Bakrid (Eid-ul-Azha),Ladakh,Closed
04-06-2026,Eid-e-Ghadeer (Kargil District),Ladakh,Closed
24-06-2026,Hemis Tsechu (Leh District),Ladakh,Closed
26-06-2026,Ashoora (Muharram),Ladakh,Closed
04-08-2026,Chehlum (Kargil District),Ladakh,Closed
15-08-2026,Independence Day,Ladakh,Closed
26-08-2026,Eid-i-Milad-ul-Nabi,Ladakh,Closed
02-10-2026,Mahatma Gandhi Jayanti,Ladakh,Closed
20-10-2026,Dussehra (Vijayadashami),Ladakh,Closed
08-11-2026,Deepavali (Diwali),Ladakh,Closed
24-11-2026,Guru Nanak Dev Ji's Birthday,Ladakh,Closed
09-12-2026,Losar,Ladakh,Closed
25-12-2026,Christmas,Ladakh,Closed
27-05-2026,Eid al-Zuha,Lakshadweep,Closed
26-06-2026,Muharram,Lakshadweep,Closed
15-08-2026,Independence Day,Lakshadweep,Closed
25-08-2026,Eid-e-Milad,Lakshadweep,Closed
04-09-2026,Shri Krishna Janmashtami,Lakshadweep,Closed
02-10-2026,Mahatma Gandhi Jayanti,Lakshadweep,Closed
20-10-2026,Dussehra,Lakshadweep,Closed
08-11-2026,Deepawali,Lakshadweep,Closed
24-11-2026,Guru Nanak Jayanti,Lakshadweep,Closed
25-12-2026,Christmas,Lakshadweep,Closed
26-01-2026,Republic Day,Madhya Pradesh,Closed
15-02-2026,Maha Shivratri,Madhya Pradesh,Closed
04-03-2026,Holi,Madhya Pradesh,Closed
21-03-2026,Id-ul-Fitr,Madhya Pradesh,Closed
31-03-2026,Mahavir Jayanti,Madhya Pradesh,Closed
01-04-2026,Annual Closing of Bank Accounts,Madhya Pradesh,Closed
03-04-2026,Good Friday,Madhya Pradesh,Closed
01-05-2026,Buddha Purnima,Madhya Pradesh,Closed
27-05-2026,Id-ul-Adha,Madhya Pradesh,Closed
15-08-2026,Independence Day,Madhya Pradesh,Closed
25-08-2026,Eid-e-Milad,Madhya Pradesh,Closed
04-09-2026,Janmashtami,Madhya Pradesh,Closed
02-10-2026,Gandhi Jayanti,Madhya Pradesh,Closed
20-10-2026,Dussehra,Madhya Pradesh,Closed
08-11-2026,Deepavali / Diwali,Madhya Pradesh,Closed
24-11-2026,Guru Nanak Jayanti,Madhya Pradesh,Closed
25-12-2026,Christmas,Madhya Pradesh,Closed
26-01-2026,Republic Day,Maharashtra,Closed
15-02-2026,Maha Shivratri,Maharashtra,Closed
19-02-2026,Chhatrapati Shivaji Maharaj Jayanti,Maharashtra,Closed
04-03-2026,Holi,Maharashtra,Closed
19-03-2026,Gudi Padwa,Maharashtra,Closed
21-03-2026,Id-ul-Fitr,Maharashtra,Closed
31-03-2026,Mahavir Jayanti,Maharashtra,Closed
01-04-2026,Yearly Closing of Bank Accounts,Maharashtra,Closed
03-04-2026,Good Friday,Maharashtra,Closed
01-05-2026,Maharashtra Din,Maharashtra,Closed
01-05-2026,Buddha Pournima,Maharashtra,Closed
27-05-2026,Id-ul-Adha,Maharashtra,Closed
26-06-2026,Moharum,Maharashtra,Closed
15-08-2026,Independence Day,Maharashtra,Closed
16-08-2026,Parsi New Year,Maharashtra,Closed
25-08-2026,Id-E-Milad,Maharashtra,Closed
14-09-2026,Ganesh Chaturthi,Maharashtra,Closed
02-10-2026,Mahatma Gandhi Jayanti,Maharashtra,Closed
20-10-2026,Dasara,Maharashtra,Closed
08-11-2026,Diwali Amavasaya,Maharashtra,Closed
09-11-2026,Deepavali / Diwali,Maharashtra,Closed
24-11-2026,Guru Nanak Jayanti,Maharashtra,Closed
25-12-2026,Christmas,Maharashtra,Closed
01-01-2026,Gaan-Ngai,Manipur,Closed
01-01-2026,New Year's Day,Manipur,Closed
26-01-2026,Republic Day,Manipur,Closed
15-02-2026,Lui-Ngai-Ni,Manipur,Closed
03-03-2026,Yaosang,Manipur,Closed
04-03-2026,Yaosang 2nd Day,Manipur,Closed
21-03-2026,Eid al-Fitr,Manipur,Closed
01-04-2026,Annual Closing of Bank Accounts,Manipur,Closed
03-04-2026,Good Friday,Manipur,Closed
14-04-2026,Cheiraoba,Manipur,Closed
01-05-2026,May Day / Labour day,Manipur,Closed
27-05-2026,Eid al-Adha,Manipur,Closed
16-07-2026,Ratha Yathra,Manipur,Closed
13-08-2026,Patriot's Day,Manipur,Closed
15-08-2026,Independence Day,Manipur,Closed
12-09-2026,Ningol Chakkouba,Manipur,Closed
02-10-2026,Mahatma Gandhi Jayanti,Manipur,Closed
19-10-2026,Durga Ashtami,Manipur,Closed
01-11-2026,Kut,Manipur,Closed
08-11-2026,Deepavali / Diwali,Manipur,Closed
25-12-2026,Christmas,Manipur,Closed
01-01-2026,New Year's Day,Meghalaya,Closed
26-01-2026,Republic Day,Meghalaya,Closed
03-03-2026,Holi,Meghalaya,Closed
21-03-2026,Eid-ul-Fitr,Meghalaya,Closed
03-04-2026,Good Friday,Meghalaya,Closed
27-05-2026,Eid al-Zuha,Meghalaya,Closed
11-07-2026,Beh Deinkhlam,Meghalaya,Closed
17-07-2026,U Triot Sing Day,Meghalaya,Closed
15-08-2026,Independence Day,Meghalaya,Closed
04-09-2026,Shri Krishna Janmashtami,Meghalaya,Closed
02-10-2026,Mahatma Gandhi Jayanti,Meghalaya,Closed
21-10-2026,Vijaya Dashami,Meghalaya,Closed
06-11-2026,Wangala Festival,Meghalaya,Closed
08-11-2026,Deepawali,Meghalaya,Closed
23-11-2026,Seng Kut Snem,Meghalaya,Closed
12-12-2026,Pa-Togan Nengminza Sangma,Meghalaya,Closed
18-12-2026,Death Anniversary of U SoSo Tham,Meghalaya,Closed
24-12-2026,Christmas Festival,Meghalaya,Closed
25-12-2026,Christmas Eve,Meghalaya,Closed
26-12-2026,Christmas,Meghalaya,Closed
30-12-2026,U Kiang Nangbah,Meghalaya,Closed
01-01-2026,New Year's Day,Mizoram,Closed
02-01-2026,New Year's Celebration,Mizoram,Closed
11-01-2026,Missionary Day,Mizoram,Closed
26-01-2026,Republic Day,Mizoram,Closed
20-02-2026,State Day,Mizoram,Closed
03-03-2026,Holi,Mizoram,Closed
06-03-2026,Chapchar Kut,Mizoram,Closed
01-04-2026,Annual Closing of Bank Accounts,Mizoram,Closed
03-04-2026,Good Friday,Mizoram,Closed
01-05-2026,Buddha Pournima,Mizoram,Closed
27-05-2026,Bakrid / Eid al Adha,Mizoram,Closed
15-06-2026,Yma Day,Mizoram,Closed
30-06-2026,Remna Ni,Mizoram,Closed
15-08-2026,Independence Day,Mizoram,Closed
02-10-2026,Mahatma Gandhi Jayanti,Mizoram,Closed
20-10-2026,Dusshera,Mizoram,Closed
21-10-2026,Durga Puja,Mizoram,Closed
08-11-2026,Deepawali,Mizoram,Closed
25-12-2026,Christmas Festival,Mizoram,Closed
25-12-2026,Christmas,Mizoram,Closed
25-12-2026,Christmas Eve,Mizoram,Closed
01-01-2026,New Year Day,Nagaland,Closed
26-01-2026,Republic Day,Nagaland,Closed
04-03-2026,Holi,Nagaland,Closed
21-03-2026,Id-ul-Fitr,Nagaland,Closed
01-04-2026,Yearly Closing of Bank Accounts,Nagaland,Closed
03-04-2026,Good Friday,Nagaland,Closed
27-05-2026,Id-ul- Zuha,Nagaland,Closed
15-08-2026,Independence Day,Nagaland,Closed
02-10-2026,Mahatma Gandhi's Birthday,Nagaland,Closed
20-10-2026,Dussehra,Nagaland,Closed
20-10-2026,Maha Navami,Nagaland,Closed
08-11-2026,Deepavali / Diwali,Nagaland,Closed
24-11-2026,Guru Nanak's Birthday,Nagaland,Closed
01-12-2026,State Inauguration Day,Nagaland,Closed
24-12-2026,Christmas Eve,Nagaland,Closed
25-12-2026,Christmas Holiday,Nagaland,Closed
26-12-2026,Christmas Holiday,Nagaland,Closed
27-12-2026,Christmas Holiday,Nagaland,Closed
14-01-2026,Makara Sankranti,Odisha,Closed
23-01-2026,Vasant Panchami,Odisha,Closed
26-01-2026,Republic Day,Odisha,Closed
15-02-2026,Maha Shivaratri,Odisha,Closed
04-03-2026,Holi,Odisha,Closed
21-03-2026,Eid al-Fitr,Odisha,Closed
27-03-2026,Sri Ramnavami,Odisha,Closed
01-04-2026,Annual Closing of Bank Account,Odisha,Closed
03-04-2026,Good Friday,Odisha,Closed
15-06-2026,Raja Sankranti,Odisha,Closed
26-06-2026,Moharam,Odisha,Closed
15-08-2026,Independence Day,Odisha,Closed
04-09-2026,Janmastami,Odisha,Closed
14-09-2026,Ganesh Puja,Odisha,Closed
16-09-2026,Nuakhai,Odisha,Closed
02-10-2026,Mahatma Gandhi Jayanti,Odisha,Closed
19-10-2026,Maha Ashtami,Odisha,Closed
21-10-2026,Vijaya Dashami,Odisha,Closed
08-11-2026,Deepavali / Diwali,Odisha,Closed
25-12-2026,Christmas,Odisha,Closed
01-01-2026,New Year's Day,Puducherry,Closed
14-01-2026,Pongal,Puducherry,Closed
15-01-2026,Thiruvalluvar Day / Mattu Pongal,Puducherry,Closed
26-01-2026,Republic Day,Puducherry,Closed
21-03-2026,Ramzan (Eid-ul-Fitr),Puducherry,Closed
01-04-2026,Annual Closing of Bank Accounts,Puducherry,Closed
03-04-2026,Good Friday,Puducherry,Closed
14-04-2026,Dr. Ambedkar's Birthday / Tamil New Year,Puducherry,Closed
01-05-2026,May Day,Puducherry,Closed
27-05-2026,Bakrid (Eid-ul-Azha),Puducherry,Closed
15-08-2026,Independence Day,Puducherry,Closed
16-08-2026,De Jure Transfer Day,Puducherry,Closed
26-08-2026,Eid-i-Milad-ul-Nabi,Puducherry,Closed
14-09-2026,Vinayagar Chathurthi,Puducherry,Closed
02-10-2026,Mahatma Gandhi Jayanti,Puducherry,Closed
19-10-2026,Saraswathi Pooja / Ayudha Pooja,Puducherry,Closed
01-11-2026,Puducherry Liberation Day,Puducherry,Closed
08-11-2026,Deepavali (Diwali),Puducherry,Closed
25-12-2026,Christmas,Puducherry,Closed
26-01-2026,Republic Day,Punjab,Closed
01-02-2026,Guru Ravidas Jayanti,Punjab,Closed
04-03-2026,Holi,Punjab,Closed
21-03-2026,Eid al-Fitr,Punjab,Closed
27-03-2026,Shri Ram Navami,Punjab,Closed
01-04-2026,Annual Closing of Bank Accounts,Punjab,Closed
18-06-2026,Martyr's Day of Guru Arjun Dev Ji,Punjab,Closed
15-08-2026,Independence Day,Punjab,Closed
04-09-2026,Shri Krishna Janmashtami,Punjab,Closed
02-10-2026,Mahatma Gandhi Jayanti,Punjab,Closed
20-10-2026,Dussehra,Punjab,Closed
26-10-2026,Maharishi Valmiki's Birthday,Punjab,Closed
08-11-2026,Deepawali,Punjab,Closed
24-11-2026,Parkash Gurpurb of Sri Guru Nanak Dev Ji,Punjab,Closed
25-12-2026,Christmas,Punjab,Closed
26-01-2026,Republic Day,Rajasthan,Closed
15-02-2026,Maha Shivaratri,Rajasthan,Closed
04-03-2026,Holi,Rajasthan,Closed
21-03-2026,Id-ul-Fitr,Rajasthan,Closed
31-03-2026,Mahavir Jayanti,Rajasthan,Closed
27-05-2026,Eid-al-Adha,Rajasthan,Closed
26-06-2026,Muharram,Rajasthan,Closed
15-08-2026,Independence Day,Rajasthan,Closed
04-09-2026,Janmashtami,Rajasthan,Closed
02-10-2026,Mahatma Gandhi's Birthday,Rajasthan,Closed
20-10-2026,Dusshera,Rajasthan,Closed
08-11-2026,Deepavali / Diwali,Rajasthan,Closed
09-11-2026,Govardhan Puja,Rajasthan,Closed
24-11-2026,Guru Nanak Jayanti,Rajasthan,Closed
25-12-2026,Christmas,Rajasthan,Closed
01-01-2026,New Year's Day,Sikkim,Closed
19-01-2026,Sonam Lochhar,Sikkim,Closed
26-01-2026,Republic Day,Sikkim,Closed
18-02-2026,Losar,Sikkim,Closed
04-03-2026,Holi,Sikkim,Closed
21-03-2026,Eid al-Fitr,Sikkim,Closed
27-03-2026,Ram Navami,Sikkim,Closed
03-04-2026,Good Friday,Sikkim,Closed
16-05-2026,State Day,Sikkim,Closed
31-05-2026,Saga Dawa,Sikkim,Closed
13-07-2026,Bhanu Jayanti,Sikkim,Closed
15-08-2026,Independence Day,Sikkim,Closed
04-09-2026,Janmashtami,Sikkim,Closed
02-10-2026,Mahatma Gandhi Jayanti,Sikkim,Closed
18-10-2026,Durga Puja,Sikkim,Closed
19-10-2026,Durga Puja,Sikkim,Closed
20-10-2026,Durga Puja,Sikkim,Closed
01-11-2026,Lhabab Duchen,Sikkim,Closed
08-11-2026,Deepawali,Sikkim,Closed
11-11-2026,Bhai Dooj,Sikkim,Closed
25-12-2026,Christmas,Sikkim,Closed
01-01-2026,New Year's Day,Tamil Nadu,Closed
14-01-2026,Pongal,Tamil Nadu,Closed
15-01-2026,Thiruvalluvar Day,Tamil Nadu,Closed
16-01-2026,Uzhavar Thirunal,Tamil Nadu,Closed
26-01-2026,Republic Day,Tamil Nadu,Closed
20-03-2026,Telugu New Year's Day,Tamil Nadu,Closed
21-03-2026,Eid al-Fitr,Tamil Nadu,Closed
31-03-2026,Mahavir Jayanti,Tamil Nadu,Closed
01-04-2026,Annual Closing of Bank Accounts,Tamil Nadu,Closed
03-04-2026,Good Friday,Tamil Nadu,Closed
14-04-2026,Tamil New Year / Dr. B.R. Ambedkar Jayanti,Tamil Nadu,Closed
01-05-2026,May Day / Labour day,Tamil Nadu,Closed
27-05-2026,Eid al-Adha,Tamil Nadu,Closed
26-06-2026,Muharram,Tamil Nadu,Closed
15-08-2026,Independence Day,Tamil Nadu,Closed
25-08-2026,Eid-e-Milad,Tamil Nadu,Closed
04-09-2026,Krishna Janmashtami,Tamil Nadu,Closed
15-09-2026,Vinayaka Chaturthi,Tamil Nadu,Closed
02-10-2026,Mahatma Gandhi Jayanti,Tamil Nadu,Closed
20-10-2026,Ayutha Pooja,Tamil Nadu,Closed
21-10-2026,Vijaya Dashami,Tamil Nadu,Closed
08-11-2026,Deepavali / Diwali,Tamil Nadu,Closed
25-12-2026,Christmas,Tamil Nadu,Closed
14-01-2026,Makar Sankranti,Telangana,Closed
26-01-2026,Republic Day,Telangana,Closed
15-02-2026,Maha Shivratri,Telangana,Closed
04-03-2026,Holi,Telangana,Closed
20-03-2026,Ugadi,Telangana,Closed
21-03-2026,Eid-al-Fitr,Telangana,Closed
27-03-2026,Sri Rama Navami,Telangana,Closed
03-04-2026,Good Friday,Telangana,Closed
05-04-2026,Babu Jagjivan Ram's Birthday,Telangana,Closed
01-05-2026,May Day / Labour day,Telangana,Closed
27-05-2026,Eid al-Adha,Telangana,Closed
26-06-2026,Muharam,Telangana,Closed
15-08-2026,Independence Day,Telangana,Closed
25-08-2026,Eid-e-Milad,Telangana,Closed
04-09-2026,Krishna Janmasthami,Telangana,Closed
15-09-2026,Vinayaka Chaturthi,Telangana,Closed
02-10-2026,Mahatma Gandhi Jayanti,Telangana,Closed
19-10-2026,Durga Ashtami,Telangana,Closed
21-10-2026,Vijaya Dashami,Telangana,Closed
08-11-2026,Deepavali / Diwali,Telangana,Closed
24-11-2026,Guru Nanak Jayanti,Telangana,Closed
25-12-2026,Christmas,Telangana,Closed
23-01-2026,Netaji Subhash Chandra Bose Jayanti,Tripura,Closed
23-01-2026,Vasant Panchami,Tripura,Closed
26-01-2026,Republic Day,Tripura,Closed
04-03-2026,Holi,Tripura,Closed
21-03-2026,Eid al-Fitr,Tripura,Closed
01-04-2026,Yearly Closing of Bank Accounts,Tripura,Closed
14-04-2026,Biju Festival,Tripura,Closed
15-04-2026,Bengali New Year's Day,Tripura,Closed
21-04-2026,Garia Puja,Tripura,Closed
01-05-2026,May Day / Labour day,Tripura,Closed
27-05-2026,Eid al-Zuha,Tripura,Closed
26-06-2026,Muharram,Tripura,Closed
21-07-2026,Kharchi Puja,Tripura,Closed
07-08-2026,Ker Puja,Tripura,Closed
15-08-2026,Independence Day,Tripura,Closed
02-10-2026,Mahatma Gandhi Jayanti,Tripura,Closed
10-10-2026,Mahalaya,Tripura,Closed
18-10-2026,Maha Saptami,Tripura,Closed
19-10-2026,Maha Ashtami,Tripura,Closed
20-10-2026,Maha Navami,Tripura,Closed
21-10-2026,Vijaya Dasami,Tripura,Closed
25-10-2026,Lakshmi Puja,Tripura,Closed
08-11-2026,Deepawali,Tripura,Closed
25-12-2026,Christmas,Tripura,Closed
03-01-2026,Hajarat Ali's Birthday,Uttar Pradesh,Closed
26-01-2026,Republic Day,Uttar Pradesh,Closed
15-02-2026,Maha Shivaratri,Uttar Pradesh,Closed
03-03-2026,Holika Dahan,Uttar Pradesh,Closed
04-03-2026,Holi,Uttar Pradesh,Closed
21-03-2026,Eid al-Fitr,Uttar Pradesh,Closed
27-03-2026,Shri Ram Navami,Uttar Pradesh,Closed
31-03-2026,Mahavir Jayanti,Uttar Pradesh,Closed
01-04-2026,Yearly Closing of Bank Accounts,Uttar Pradesh,Closed
03-04-2026,Good Friday,Uttar Pradesh,Closed
01-05-2026,Buddha Purnima,Uttar Pradesh,Closed
27-05-2026,Eid al-Adha,Uttar Pradesh,Closed
26-06-2026,Muharram,Uttar Pradesh,Closed
15-08-2026,Independence Day,Uttar Pradesh,Closed
25-08-2026,Eid-e-Milad,Uttar Pradesh,Closed
28-08-2026,Raksha Bandhan,Uttar Pradesh,Closed
04-09-2026,Krishna Janmashtami,Uttar Pradesh,Closed
02-10-2026,Mahatma Gandhi Jayanti,Uttar Pradesh,Closed
20-10-2026,Maha Navami,Uttar Pradesh,Closed
21-10-2026,Dussehra,Uttar Pradesh,Closed
08-11-2026,Deepawali,Uttar Pradesh,Closed
09-11-2026,Govardhan Puja,Uttar Pradesh,Closed
11-11-2026,Bhai Dooj,Uttar Pradesh,Closed
24-11-2026,Guru Nanak Jayanti,Uttar Pradesh,Closed
25-12-2026,Christmas,Uttar Pradesh,Closed
26-01-2026,Republic Day,Uttarakhand,Closed
15-02-2026,Maha Shivratri,Uttarakhand,Closed
04-03-2026,Holi,Uttarakhand,Closed
21-03-2026,Eid al-Fitr,Uttarakhand,Closed
27-03-2026,Ram Navami,Uttarakhand,Closed
01-04-2026,Annual Closing of Bank Accounts,Uttarakhand,Closed
03-04-2026,Good Friday,Uttarakhand,Closed
14-04-2026,Dr B R Ambedkar Jayanti,Uttarakhand,Closed
01-05-2026,Buddha Pournima,Uttarakhand,Closed
27-05-2026,Eid al-Zuha,Uttarakhand,Closed
15-08-2026,Independence Day,Uttarakhand,Closed
25-08-2026,Eid-e-Milad,Uttarakhand,Closed
04-09-2026,Janmashtami,Uttarakhand,Closed
02-10-2026,Mahatma Gandhi Jayanti,Uttarakhand,Closed
21-10-2026,Vijaya Dashami,Uttarakhand,Closed
08-11-2026,Deepawali,Uttarakhand,Closed
24-11-2026,Guru Nanak's Birthday,Uttarakhand,Closed
25-12-2026,Christmas,Uttarakhand,Closed
12-01-2026,Birthday of Swami Vivekananda,West Bengal,Closed
23-01-2026,Saraswati Puja / Sree Panchami,West Bengal,Closed
23-01-2026,Birthday of Netaji Subhas Chandra Bose Jayanti,West Bengal,Closed
26-01-2026,Republic Day,West Bengal,Closed
03-03-2026,Doljatra,West Bengal,Closed
21-03-2026,Eid al-Fitr,West Bengal,Closed
03-04-2026,Good Friday,West Bengal,Closed
14-04-2026,Dr B R Ambedkar Jayanti,West Bengal,Closed
15-04-2026,Bengali New Year,West Bengal,Closed
01-05-2026,Buddha Purnima,West Bengal,Closed
01-05-2026,May Day / Labour day,West Bengal,Closed
09-05-2026,Rabindranath Tagore Jayanti,West Bengal,Closed
27-05-2026,Eid al-Zuha,West Bengal,Closed
26-06-2026,Muharram,West Bengal,Closed
15-08-2026,Independence Day,West Bengal,Closed
02-10-2026,Mahatma Gandhi Jayanti,West Bengal,Closed
10-10-2026,Mahalaya,West Bengal,Closed
18-10-2026,Durgapuja Saptami,West Bengal,Closed
19-10-2026,Durgapuja Astami,West Bengal,Closed
20-10-2026,Durgapuja Nabami,West Bengal,Closed
21-10-2026,Vijaya Dashami,West Bengal,Closed
25-10-2026,Lakshmi Puja,West Bengal,Closed
08-11-2026,Kalipuja,West Bengal,Closed
24-11-2026,Birth Day of Guru Nanak,West Bengal,Closed
25-12-2026,Christmas,West Bengal,Closed
,"Nationalized/PSU Banks: Closed 
Private Sector Banks: Open",PAN INDIA,Closed
